{
    "d_model": 512,
    "n_heads": 8,
    "n_layers": 2,
    "lr": 0.00023902747551247998,
    "alpha": 0.3076295737996816
}